gen_id,doc_id,partition_name,system,home_name,vis_name,line_id,len(t),text,len(detokenized_text),detokenized_text,date,bref_box,bref_home,bref_visiting,calendar,s3_file
1,S005,00_Existing,wiseman_frototest_conditional_copy_beam5_gens.txt,Hawks,Magic,720,1238,"The Hawks held the Magic to a 35 percent success rate from the floor and 26 percent from three - point range , while also eliciting 15 turnovers from the Hawks ( 30 - 21 ) . Paul Millsap led the way for the Hawks with a game - high 21 points , which he supplemented with five rebounds , four assists and one steal . Millsap was right behind him with 21 points , five rebounds , four assists and one steal . Dwight Howard posted a 11 - point , 13 - rebound double - double that also included three assists , one steal and one block . Kent Bazemore led the bench with 27 points , three rebounds , three assists and two steals . Kent Bazemore led the second unit with 27 points , three rebounds , three assists and two steals . Paul Millsap led the way for Orlando with 21 points , five rebounds , four assists , one steal and one block . Dwight Howard posted a 11 - point , 13 - rebound double - double that also included three assists , one steal and one block . Kent Bazemore led the second unit with 12 points , three rebounds , three assists , two steals and one block . The Magic head back home to face off with the New York Knicks on Monday night , while the Hawks remain home and await the Toronto Raptors on Friday evening as well .",1189,"The Hawks held the Magic to a 35 percent success rate from the floor and 26 percent from three-point range, while also eliciting 15 turnovers from the Hawks (30-21). Paul Millsap led the way for the Hawks with a game-high 21 points, which he supplemented with five rebounds, four assists and one steal. Millsap was right behind him with 21 points, five rebounds, four assists and one steal. Dwight Howard posted a 11-point, 13-rebound double-double that also included three assists, one steal and one block. Kent Bazemore led the bench with 27 points, three rebounds, three assists and two steals. Kent Bazemore led the second unit with 27 points, three rebounds, three assists and two steals. Paul Millsap led the way for Orlando with 21 points, five rebounds, four assists, one steal and one block. Dwight Howard posted a 11-point, 13-rebound double-double that also included three assists, one steal and one block. Kent Bazemore led the second unit with 12 points, three rebounds, three assists, two steals and one block. The Magic head back home to face off with the New York Knicks on Monday night, while the Hawks remain home and await the Toronto Raptors on Friday evening as well.",02_04_17,https://www.basketball-reference.com/boxscores/201702040ATL.html,https://www.basketball-reference.com/teams/ATL/2017_games.html,https://www.basketball-reference.com/teams/ORL/2017_games.html,https://www.timeanddate.com/calendar/monthly.html?year=2017&month=02&country=1,https://mturk-worker-downloads-uoa-nlg.s3.eu-west-2.amazonaws.com/Finding+Mistakes+in+Basketball+S005.docx
2,S006,00_Existing,wiseman_frototest_conditional_copy_beam5_gens.txt,Nets,Rockets,307,978,"The Houston Rockets ( 10 - 12 ) defeated the Brooklyn Nets ( 6 - 15 ) 110 - 105 on Friday . The Nets came into this game as a double - digit favorite and they did n't disappoint . They were led by James Harden , who tallied 10 points , nine assists , three rebounds and three steals in the win . Trevor Ariza was the only other starter in double figures , as he tallied 2 points , four rebounds and four assists in the defeat . The Rockets will look to bounce - back against the Orlando Magic on Wednesday in their next game . The Nets played this game without Brook Lopez and they simply did n't have enough offense to keep up with the Nets . Brook Lopez did all he could to keep the Nets in this game , as he tallied 24 points , eight rebounds and five blocks in the win . Thaddeus Young was the only other starter in double figures , as he amassed 20 points , 12 rebounds and five assists . The Nets will look to keep this momentum going against the Atlanta Hawks on Friday .",946,"The Houston Rockets (10-12)  defeated the Brooklyn Nets (6-15)  110-105 on Friday. The Nets came into this game as a double-digit favorite and they didn't disappoint. They were led by James Harden, who tallied 10 points, nine assists, three rebounds and three steals in the win. Trevor Ariza was the only other starter in double figures, as he tallied 2 points, four rebounds and four assists in the defeat. The Rockets will look to bounce-back against the Orlando Magic on Wednesday in their next game. The Nets played this game without Brook Lopez and they simply didn't have enough offense to keep up with the Nets. Brook Lopez did all he could to keep the Nets in this game, as he tallied 24 points, eight rebounds and five blocks in the win. Thaddeus Young was the only other starter in double figures, as he amassed 20 points, 12 rebounds and five assists. The Nets will look to keep this momentum going against the Atlanta Hawks on Friday.",12_08_15,https://www.basketball-reference.com/boxscores/201512080BRK.html,https://www.basketball-reference.com/teams/BRK/2016_games.html,https://www.basketball-reference.com/teams/HOU/2016_games.html,https://www.timeanddate.com/calendar/monthly.html?year=2015&month=12&country=1,https://mturk-worker-downloads-uoa-nlg.s3.eu-west-2.amazonaws.com/Finding+Mistakes+in+Basketball+S006.docx
3,S007,00_Existing,wiseman_frototest_conditional_copy_beam5_gens.txt,Kings,Thunder,409,1080,"Russell Westbrook and Russell Westbrook both the Oklahoma City Thunder and the Oklahoma City Thunder , however , as they continue to play at the Sleep Train Arena . Westbrook finished with 36 points , 11 rebounds , seven assists , four steals and one block on 11 - of - 21 shooting , while Westbrook scored 36 points on 11 - of - 21 shooting , to go along with 11 rebounds , seven assists , three steals and one block , in 36 minutes . Enes Kanter was the only other Thunder player to score in double digits , as he finished with 29 points on 10 - of - 18 shooting , in 32 minutes off the bench . The Kings shot 46 percent from the field and 36 percent from long range , while the Kings shot 46 percent from the field and 36 percent from long range . DeMarcus Cousins led the way for the Kings , with 31 points on 11 - of - 20 shooting , along with 11 rebounds , seven assists and four steals , in 34 minutes . Enes Kanter followed up with 29 points on 10 - of - 18 shooting , in 32 minutes , while Steven Adams chipped in 21 points , four rebounds and one steal , in 27 minutes .",1033,"Russell Westbrook and Russell Westbrook both the Oklahoma City Thunder and the Oklahoma City Thunder, however, as they continue to play at the Sleep Train Arena. Westbrook finished with 36 points, 11 rebounds, seven assists, four steals and one block on 11-of-21 shooting, while Westbrook scored 36 points on 11-of-21 shooting, to go along with 11 rebounds, seven assists, three steals and one block, in 36 minutes. Enes Kanter was the only other Thunder player to score in double digits, as he finished with 29 points on 10-of-18 shooting, in 32 minutes off the bench. The Kings shot 46 percent from the field and 36 percent from long range, while the Kings shot 46 percent from the field and 36 percent from long range. DeMarcus Cousins led the way for the Kings, with 31 points on 11-of-20 shooting, along with 11 rebounds, seven assists and four steals, in 34 minutes. Enes Kanter followed up with 29 points on 10-of-18 shooting, in 32 minutes, while Steven Adams chipped in 21 points, four rebounds and one steal, in 27 minutes.",01_15_17,https://www.basketball-reference.com/boxscores/201701150SAC.html,https://www.basketball-reference.com/teams/SAC/2017_games.html,https://www.basketball-reference.com/teams/OKC/2017_games.html,https://www.timeanddate.com/calendar/monthly.html?year=2017&month=01&country=1,https://mturk-worker-downloads-uoa-nlg.s3.eu-west-2.amazonaws.com/Finding+Mistakes+in+Basketball+S007.docx
4,S008,00_Existing,wiseman_frototest_conditional_copy_beam5_gens.txt,Jazz,Grizzlies,497,1689,"The Memphis Grizzlies defeated the Utah Jazz , 102 - 96 , at Vivint Smart Home Arena on Saturday . The Grizzlies ( 5 - 5 ) checked in to Saturday 's contest with only six road wins in 17 tries this season , but the Grizzlies ( 5 - 5 ) came in to Tuesday 's contest with a 33 - point first quarter , and the Grizzlies ( 5 - 5 ) were able to pull away in the second half . The Jazz ( 7 - 5 ) were led by Marc Gasol , who scored a game - high 22 points on 9 - of - 17 shooting , to go along with five rebounds , five assists and one steal , in 33 minutes . Mike Conley followed up with 18 points on 7 - of - 14 shooting , including 2 - of - 5 from long range , to go along with seven assists , three rebounds and one steal , in 31 minutes . Zach Randolph chipped in 18 points on 7 - of - 13 shooting , including 4 - of - 4 from long range , in 23 minutes off the bench . The Jazz shot 48 percent from the field and 29 percent from long range , while the Jazz shot 48 percent from the field and 29 percent from long range . The Grizzlies ( 5 - 5 ) have now lost four of their last five games , as they continue to battle for the top seed in the West . Gordon Hayward led the way for the Grizzlies , with 13 points on 4 - of - 14 shooting , to go along with four rebounds , three assists and one steal , in 36 minutes . Zach Randolph followed up with 18 points , while Rudy Gobert chipped in 22 points on 9 - of - 17 shooting , in 22 minutes off the bench . The Jazz shot 48 percent from the field and 29 percent from long range , while the Jazz shot 48 percent from the field and 29 percent from long range . The Jazz will look to bounce back as they play host to the Trail Blazers on Monday .",1604,"The Memphis Grizzlies defeated the Utah Jazz, 102-96, at Vivint Smart Home Arena on Saturday. The Grizzlies (5-5)  checked in to Saturday's contest with only six road wins in 17 tries this season, but the Grizzlies (5-5)  came in to Tuesday's contest with a 33-point first quarter, and the Grizzlies (5-5)  were able to pull away in the second half. The Jazz (7-5)  were led by Marc Gasol, who scored a game-high 22 points on 9-of-17 shooting, to go along with five rebounds, five assists and one steal, in 33 minutes. Mike Conley followed up with 18 points on 7-of-14 shooting, including 2-of-5 from long range, to go along with seven assists, three rebounds and one steal, in 31 minutes. Zach Randolph chipped in 18 points on 7-of-13 shooting, including 4-of-4 from long range, in 23 minutes off the bench. The Jazz shot 48 percent from the field and 29 percent from long range, while the Jazz shot 48 percent from the field and 29 percent from long range. The Grizzlies (5-5)  have now lost four of their last five games, as they continue to battle for the top seed in the West. Gordon Hayward led the way for the Grizzlies, with 13 points on 4-of-14 shooting, to go along with four rebounds, three assists and one steal, in 36 minutes. Zach Randolph followed up with 18 points, while Rudy Gobert chipped in 22 points on 9-of-17 shooting, in 22 minutes off the bench. The Jazz shot 48 percent from the field and 29 percent from long range, while the Jazz shot 48 percent from the field and 29 percent from long range. The Jazz will look to bounce back as they play host to the Trail Blazers on Monday.",11_14_16,https://www.basketball-reference.com/boxscores/201611140UTA.html,https://www.basketball-reference.com/teams/UTA/2017_games.html,https://www.basketball-reference.com/teams/MEM/2017_games.html,https://www.timeanddate.com/calendar/monthly.html?year=2016&month=11&country=1,https://mturk-worker-downloads-uoa-nlg.s3.eu-west-2.amazonaws.com/Finding+Mistakes+in+Basketball+S008.docx
5,S009,00_Existing,wiseman_frototest_conditional_copy_beam5_gens.txt,Bucks,Lakers,286,1509,"The Milwaukee Bucks defeated the Los Angeles Lakers , 122 - 122 , at BMO Harris Bradley Center on Tuesday . In a battle between two struggling teams , the Bucks were able to prevail with a huge road win . In fact , the Bucks led for the majority of the game , as they led by double - digits for the entirety of the second half . Rebounding was key for the Lakers , as they held the Lakers to 29 percent shooting and forced them to commit 17 turnovers . The Lakers ( 19 - 37 ) have now won four of their last five games , as they continue to struggle . D'Angelo Russell was the player of the game , as he tallied 41 points , three rebounds and five assists on 11 - of - 20 shooting . Luol Deng was second on the team , as he accrued 26 points , three rebounds and two assists . D'Angelo Russell was the only other starter in double figures , as he accrued 14 points , three rebounds and five assists . On deck for Los Angeles is a road matchup with the New Orleans Pelicans on Sunday . Milwaukee ( 22 - 30 ) has now lost three of their last five games , as they continue to struggle . Giannis Antetokounmpo was the player of the game , as he accumulated 41 points , eight rebounds and six assists . Khris Middleton was second on the team , as he accrued 18 points , six rebounds and six assists . Greg Monroe was the only other starter in double figures , as he accrued 18 points , five rebounds and three assists . Milwaukee will look to build off this win on Friday in a road matchup with the Orlando Magic .",1461,"The Milwaukee Bucks defeated the Los Angeles Lakers, 122-122, at BMO Harris Bradley Center on Tuesday. In a battle between two struggling teams, the Bucks were able to prevail with a huge road win. In fact, the Bucks led for the majority of the game, as they led by double-digits for the entirety of the second half. Rebounding was key for the Lakers, as they held the Lakers to 29 percent shooting and forced them to commit 17 turnovers. The Lakers (19-37)  have now won four of their last five games, as they continue to struggle. D'Angelo Russell was the player of the game, as he tallied 41 points, three rebounds and five assists on 11-of-20 shooting. Luol Deng was second on the team, as he accrued 26 points, three rebounds and two assists. D'Angelo Russell was the only other starter in double figures, as he accrued 14 points, three rebounds and five assists. On deck for Los Angeles is a road matchup with the New Orleans Pelicans on Sunday. Milwaukee (22-30)  has now lost three of their last five games, as they continue to struggle. Giannis Antetokounmpo was the player of the game, as he accumulated 41 points, eight rebounds and six assists. Khris Middleton was second on the team, as he accrued 18 points, six rebounds and six assists. Greg Monroe was the only other starter in double figures, as he accrued 18 points, five rebounds and three assists. Milwaukee will look to build off this win on Friday in a road matchup with the Orlando Magic.",02_10_17,https://www.basketball-reference.com/boxscores/201702100MIL.html,https://www.basketball-reference.com/teams/MIL/2017_games.html,https://www.basketball-reference.com/teams/LAL/2017_games.html,https://www.timeanddate.com/calendar/monthly.html?year=2017&month=02&country=1,https://mturk-worker-downloads-uoa-nlg.s3.eu-west-2.amazonaws.com/Finding+Mistakes+in+Basketball+S009.docx
6,S010,00_Existing,wiseman_frototest_conditional_copy_beam5_gens.txt,Magic,Hawks,154,1635,"The Atlanta Hawks defeated the host Orlando Magic , 111 - 92 , at Amway Center on Friday . In a battle between two struggling teams , the Hawks were able to prevail with a huge road win . In fact , there were 11 ties and 11 lead changes in total , with neither team leading by more than 11 points . Defense was key for Atlanta , as they held Orlando to 43 percent from the field and 53 percent from three - point range . Rebounding was a huge factor as well , with the Hawks recording 27 assists to 12 turnovers , while the Magic committed 17 turnovers to just 19 assists . The Hawks ( 19 - 16 ) have now lost four of their last five games , as they continue to struggle . Dennis Schroder was the player of the game , as he tallied 18 points , six rebounds and seven assists on 7 - of - 13 shooting . Dwight Howard recorded a double - double , totaling 13 points and 12 rebounds . Kent Bazemore was the only other starter in double figures , as he totaled 17 points and four assists . On deck for Atlanta is a home matchup against the New Orleans Pelicans on Saturday . The Magic ( 16 - 21 ) have been struggling mightily recently , but this was a huge win . Nikola Vucevic was the player of the game , as he collected 10 points , 12 rebounds and six assists . Evan Fournier was second on the team , as he accrued 14 points , one rebound and one assist . Nikola Vucevic recorded a double - double , totaling 10 points and 10 rebounds . Evan Fournier was the only other Magic player in double figures , as he amassed 14 points and one rebound . Orlando will look to keep rolling on Friday in a home matchup against the Toronto Raptors .",1581,"The Atlanta Hawks defeated the host Orlando Magic, 111-92, at Amway Center on Friday. In a battle between two struggling teams, the Hawks were able to prevail with a huge road win. In fact, there were 11 ties and 11 lead changes in total, with neither team leading by more than 11 points. Defense was key for Atlanta, as they held Orlando to 43 percent from the field and 53 percent from three-point range. Rebounding was a huge factor as well, with the Hawks recording 27 assists to 12 turnovers, while the Magic committed 17 turnovers to just 19 assists. The Hawks (19-16)  have now lost four of their last five games, as they continue to struggle. Dennis Schroder was the player of the game, as he tallied 18 points, six rebounds and seven assists on 7-of-13 shooting. Dwight Howard recorded a double-double, totaling 13 points and 12 rebounds. Kent Bazemore was the only other starter in double figures, as he totaled 17 points and four assists. On deck for Atlanta is a home matchup against the New Orleans Pelicans on Saturday. The Magic (16-21)  have been struggling mightily recently, but this was a huge win. Nikola Vucevic was the player of the game, as he collected 10 points, 12 rebounds and six assists. Evan Fournier was second on the team, as he accrued 14 points, one rebound and one assist. Nikola Vucevic recorded a double-double, totaling 10 points and 10 rebounds. Evan Fournier was the only other Magic player in double figures, as he amassed 14 points and one rebound. Orlando will look to keep rolling on Friday in a home matchup against the Toronto Raptors.",01_04_17,https://www.basketball-reference.com/boxscores/201701040ORL.html,https://www.basketball-reference.com/teams/ORL/2017_games.html,https://www.basketball-reference.com/teams/ATL/2017_games.html,https://www.timeanddate.com/calendar/monthly.html?year=2017&month=01&country=1,https://mturk-worker-downloads-uoa-nlg.s3.eu-west-2.amazonaws.com/Finding+Mistakes+in+Basketball+S010.docx
7,S011,00_Existing,wiseman_frototest_conditional_copy_beam5_gens.txt,Hawks,Wizards,367,1792,"The Atlanta Hawks ( 41 - 9 ) defeated the Washington Wizards ( 31 - 19 ) 105 - 96 on Tuesday at Philips Arena in Atlanta . The Hawks got off to a quick start in this one , out - scoring the Wizards 29 - 18 in the first quarter alone . The Hawks were able to out - score the Wizards 28 - 18 in the third quarter , while the Wizards were able to coast to a victory in front of their home crowd . The Hawks shot 48 percent from the field and 44 percent from the three - point line , while the Wizards finished at 44 percent from the floor and just 25 percent from deep . The Hawks were also able to force the Wizards into 14 turnovers , while committing just 12 of their own . The Hawks were led by the duo of John Wall and Bradley Beal . Wall went 9 - for - 15 from the field and 3 - for - 5 from the three - point line to finish with a team - high of 24 points , while also adding nine assists and seven rebounds . It was his second double - double in a row , as he 's combined for 54 points and 14 rebounds over his last two games . Notching a double - double of his own , Paul Millsap finished with 11 points ( 4 - 7 FG , 2 - 3 3Pt , 1 - 2 FT ) and 11 rebounds . It was his second double - double in a row , a stretch where he 's averaging 21 points and 12 rebounds . Notching a double - double of his own , Bradley Beal finished with 23 points ( 8 - 19 FG , 0 - 4 3Pt , 7 - 10 FT ) and 8 rebounds . He 's now averaging 16 points and 6 rebounds on the year . The only other Hawk to reach double figures in points was Al Horford , who finished with 21 points ( 10 - 24 FG , 0 - 1 3Pt , 1 - 1 FT ) and a team - high of 13 rebounds . The Hawks ' next game will be at home against the New Orleans Pelicans on Friday , while the Wizards will be at home against the Cleveland Cavaliers on Friday .",1697,"The Atlanta Hawks (41-9)  defeated the Washington Wizards (31-19)  105-96 on Tuesday at Philips Arena in Atlanta. The Hawks got off to a quick start in this one, out-scoring the Wizards 29-18 in the first quarter alone. The Hawks were able to out-score the Wizards 28-18 in the third quarter, while the Wizards were able to coast to a victory in front of their home crowd. The Hawks shot 48 percent from the field and 44 percent from the three-point line, while the Wizards finished at 44 percent from the floor and just 25 percent from deep. The Hawks were also able to force the Wizards into 14 turnovers, while committing just 12 of their own. The Hawks were led by the duo of John Wall and Bradley Beal. Wall went 9-for-15 from the field and 3-for-5 from the three-point line to finish with a team-high of 24 points, while also adding nine assists and seven rebounds. It was his second double-double in a row, as he's combined for 54 points and 14 rebounds over his last two games. Notching a double-double of his own, Paul Millsap finished with 11 points (4-7 FG, 2-3 3Pt, 1-2 FT)  and 11 rebounds. It was his second double-double in a row, a stretch where he's averaging 21 points and 12 rebounds. Notching a double-double of his own, Bradley Beal finished with 23 points (8-19 FG, 0-4 3Pt, 7-10 FT)  and 8 rebounds. He's now averaging 16 points and 6 rebounds on the year. The only other Hawk to reach double figures in points was Al Horford, who finished with 21 points (10-24 FG, 0-1 3Pt, 1-1 FT)  and a team-high of 13 rebounds. The Hawks ' next game will be at home against the New Orleans Pelicans on Friday, while the Wizards will be at home against the Cleveland Cavaliers on Friday.",02_04_15,https://www.basketball-reference.com/boxscores/201502040ATL.html,https://www.basketball-reference.com/teams/ATL/2015_games.html,https://www.basketball-reference.com/teams/WAS/2015_games.html,https://www.timeanddate.com/calendar/monthly.html?year=2015&month=02&country=1,https://mturk-worker-downloads-uoa-nlg.s3.eu-west-2.amazonaws.com/Finding+Mistakes+in+Basketball+S011.docx
8,S012,00_Existing,puduppully_aaai_19_rotowire_test.txt,Suns,Nuggets,366,1203,"The Denver Nuggets defeated the Phoenix Suns , 123 - 112 , at Talking Stick Resort Arena on Friday evening . The Nuggets ( 21 - 25 ) came into this game tied for the worst record in the west and this was a much needed win for the Suns ( 21 - 25 ) . Six players scored in double digits for Denver , including Danilo Gallinari , who led the way with 32 points , eight rebounds and one assist . Gary Harris followed up with 15 points , seven rebounds , four assists and two steals , while Wilson Chandler chipped in six points , three rebounds and one steal . Jameer Nelson chipped in 17 points , three rebounds and one steal . Jameer Nelson chipped in 17 points , three rebounds , six assists and one steal , while Wilson Chandler chipped in six points , three rebounds and one steal . The Nuggets ( 15 - 32 ) were led by Devin Booker , who tallied 23 points , four rebounds , two assists , one steal and one block . Tyson Chandler finished with 15 points , 12 rebounds and two steals , while Tyson Chandler finished with 15 points , 12 rebounds and two steals . Tyson Chandler finished with 15 points , 12 rebounds and two steals . Next up , the Suns host the Phoenix Suns on Friday for their next game .",1159,"The Denver Nuggets defeated the Phoenix Suns, 123-112, at Talking Stick Resort Arena on Friday evening. The Nuggets (21-25)  came into this game tied for the worst record in the west and this was a much needed win for the Suns (21-25). Six players scored in double digits for Denver, including Danilo Gallinari, who led the way with 32 points, eight rebounds and one assist. Gary Harris followed up with 15 points, seven rebounds, four assists and two steals, while Wilson Chandler chipped in six points, three rebounds and one steal. Jameer Nelson chipped in 17 points, three rebounds and one steal. Jameer Nelson chipped in 17 points, three rebounds, six assists and one steal, while Wilson Chandler chipped in six points, three rebounds and one steal. The Nuggets (15-32)  were led by Devin Booker, who tallied 23 points, four rebounds, two assists, one steal and one block. Tyson Chandler finished with 15 points, 12 rebounds and two steals, while Tyson Chandler finished with 15 points, 12 rebounds and two steals. Tyson Chandler finished with 15 points, 12 rebounds and two steals. Next up, the Suns host the Phoenix Suns on Friday for their next game.",01_28_17,https://www.basketball-reference.com/boxscores/201701280PHO.html,https://www.basketball-reference.com/teams/PHO/2017_games.html,https://www.basketball-reference.com/teams/DEN/2017_games.html,https://www.timeanddate.com/calendar/monthly.html?year=2017&month=01&country=1,https://mturk-worker-downloads-uoa-nlg.s3.eu-west-2.amazonaws.com/Finding+Mistakes+in+Basketball+S012.docx
9,S013,00_Existing,puduppully_aaai_19_rotowire_test.txt,Cavaliers,Magic,231,1214,"The Cleveland Cavaliers ( 22 - 9 ) defeated the Orlando Magic ( 19 - 15 ) 104 - 79 on Wednesday at the Quicken Loans Arena in Cleveland . The Cavaliers had a strong first half where they out - scored the Magic 31 - 19 . The Magic were led by a strong performance from Kyrie Irving , who finished with 13 points ( 4 - 12 FG , 0 - 4 3Pt , 5 - 7 FT ) , five assists and two rebounds in 21 minutes . LeBron James had 29 points ( 11 - 18 FG , 4 - 7 3Pt , 3 - 4 FT ) , along with five rebounds , three assists and two steals , in 29 minutes . Kevin Love chipped in 10 points ( 2 - 5 FG , 1 - 2 3Pt , 5 - 8 FT ) , 13 rebounds , two assists and one steal , in 29 minutes . Nikola Vucevic was limited to just four points ( 2 - 5 FG , 0 - 4 3Pt , 5 - 7 FT ) , along with five assists , in 21 minutes . Aaron Gordon chipped in 11 points ( 5 - 10 FG , 1 - 2 3Pt , 2 - 2 FT ) , along with four rebounds , two assists and one steal , in 29 minutes . Nikola Vucevic was limited to just four points ( 2 - 5 FG , 0 - 4 3Pt , 5 - 7 FT ) and five assists in 21 minutes , while Aaron Gordon chipped in 11 points ( 5 - 10 FG , 1 - 2 3Pt ) of his own . The Magic will look to get back on track as they play host to the Magic on Monday .",1119,"The Cleveland Cavaliers (22-9)  defeated the Orlando Magic (19-15)  104-79 on Wednesday at the Quicken Loans Arena in Cleveland. The Cavaliers had a strong first half where they out-scored the Magic 31-19. The Magic were led by a strong performance from Kyrie Irving, who finished with 13 points (4-12 FG, 0-4 3Pt, 5-7 FT), five assists and two rebounds in 21 minutes. LeBron James had 29 points (11-18 FG, 4-7 3Pt, 3-4 FT), along with five rebounds, three assists and two steals, in 29 minutes. Kevin Love chipped in 10 points (2-5 FG, 1-2 3Pt, 5-8 FT), 13 rebounds, two assists and one steal, in 29 minutes. Nikola Vucevic was limited to just four points (2-5 FG, 0-4 3Pt, 5-7 FT), along with five assists, in 21 minutes. Aaron Gordon chipped in 11 points (5-10 FG, 1-2 3Pt, 2-2 FT), along with four rebounds, two assists and one steal, in 29 minutes. Nikola Vucevic was limited to just four points (2-5 FG, 0-4 3Pt, 5-7 FT)  and five assists in 21 minutes, while Aaron Gordon chipped in 11 points (5-10 FG, 1-2 3Pt)  of his own. The Magic will look to get back on track as they play host to the Magic on Monday.",01_02_16,https://www.basketball-reference.com/boxscores/201601020CLE.html,https://www.basketball-reference.com/teams/CLE/2016_games.html,https://www.basketball-reference.com/teams/ORL/2016_games.html,https://www.timeanddate.com/calendar/monthly.html?year=2016&month=01&country=1,https://mturk-worker-downloads-uoa-nlg.s3.eu-west-2.amazonaws.com/Finding+Mistakes+in+Basketball+S013.docx
10,S014,00_Existing,puduppully_aaai_19_rotowire_test.txt,Trail Blazers,Lakers,208,2113,"The Portland Trail Blazers ( 7 - 10 ) defeated the Los Angeles Lakers ( 2 - 13 ) 108 - 96 on Friday at the Moda Center in Portland . The Trail Blazers got off to a quick start in this one , out - scoring the Lakers 34 - 21 right away in the first quarter . The Trail Blazers were the superior shooters in this game , going 49 percent from the field and 40 percent from the three - point line , while the Lakers went 44 percent from the floor and just 30 percent from deep . The Trail Blazers were led by the duo of CJ McCollum and Damian Lillard . Lillard went 9 - for - 19 from the field and 5 - for - 11 from the three - point line to score a game - high of 29 points , while also adding seven assists . He 's combined for 37 points over his last two games , as he continues to be a force on the boards . Lillard on the other hand shot 12 - for - 20 from the field and 4 - for - 7 from the three - point line to score 28 points . It was his second strong showing in a row , as he 's combined for 56 points and 22 rebounds over his last two games . The only other player to reach double figures in points was Kobe Bryant , who came off the bench for 21 points ( 7 - 20 FG , 1 - 5 3Pt , 6 - 7 FT ) , two rebounds and two assists . It was far - and - away his best game of the year so far , as it marked a new season - high in points for the guard . The only other player to reach double figures in points was Jordan Clarkson , who finished with 19 points ( 8 - 15 FG , 2 - 5 3Pt , 1 - 2 FT ) , two assists and four steals . It was the first time he 's surpassed the 20 - point mark this season , so it was good to see him get back on track . The Lakers also saw some strong contributions off their bench . Jordan Clarkson led the way with 19 points ( 8 - 15 FG , 2 - 5 3Pt , 1 - 2 FT ) , four assists and four steals , while Clarkson had 19 points ( 8 - 15 FG , 2 - 5 3Pt , 1 - 2 FT ) of his own , to go along with four assists and four steals . The Trail Blazers ' next game will be at home against the Portland Trail Blazers on Friday , while the Lakers will travel to Sacramento to play the Kings on Friday .",1998,"The Portland Trail Blazers (7-10)  defeated the Los Angeles Lakers (2-13)  108-96 on Friday at the Moda Center in Portland. The Trail Blazers got off to a quick start in this one, out-scoring the Lakers 34-21 right away in the first quarter. The Trail Blazers were the superior shooters in this game, going 49 percent from the field and 40 percent from the three-point line, while the Lakers went 44 percent from the floor and just 30 percent from deep. The Trail Blazers were led by the duo of CJ McCollum and Damian Lillard. Lillard went 9-for-19 from the field and 5-for-11 from the three-point line to score a game-high of 29 points, while also adding seven assists. He's combined for 37 points over his last two games, as he continues to be a force on the boards. Lillard on the other hand shot 12-for-20 from the field and 4-for-7 from the three-point line to score 28 points. It was his second strong showing in a row, as he's combined for 56 points and 22 rebounds over his last two games. The only other player to reach double figures in points was Kobe Bryant, who came off the bench for 21 points (7-20 FG, 1-5 3Pt, 6-7 FT), two rebounds and two assists. It was far-and-away his best game of the year so far, as it marked a new season-high in points for the guard. The only other player to reach double figures in points was Jordan Clarkson, who finished with 19 points (8-15 FG, 2-5 3Pt, 1-2 FT), two assists and four steals. It was the first time he's surpassed the 20-point mark this season, so it was good to see him get back on track. The Lakers also saw some strong contributions off their bench. Jordan Clarkson led the way with 19 points (8-15 FG, 2-5 3Pt, 1-2 FT), four assists and four steals, while Clarkson had 19 points (8-15 FG, 2-5 3Pt, 1-2 FT)  of his own, to go along with four assists and four steals. The Trail Blazers ' next game will be at home against the Portland Trail Blazers on Friday, while the Lakers will travel to Sacramento to play the Kings on Friday.",11_28_15,https://www.basketball-reference.com/boxscores/201511280POR.html,https://www.basketball-reference.com/teams/POR/2016_games.html,https://www.basketball-reference.com/teams/LAL/2016_games.html,https://www.timeanddate.com/calendar/monthly.html?year=2015&month=11&country=1,https://mturk-worker-downloads-uoa-nlg.s3.eu-west-2.amazonaws.com/Finding+Mistakes+in+Basketball+S014.docx
11,S015,00_Existing,puduppully_aaai_19_rotowire_test.txt,Heat,Raptors,638,1581,"The Toronto Raptors ( 17 - 11 ) defeated the Miami Heat ( 15 - 10 ) 108 - 94 on Wednesday at American Airlines Arena in Miami . The Raptors got off to a hot start in this game , out - scoring the Heat 64 - 52 in the first half alone . They were also able to out - score the Heat 50 - 38 in the second half , allowing them to coast to an easy victory in front of their home crowd . The Raptors were led by Kyle Lowry , who finished with 21 points ( 8 - 18 FG , 1 - 4 3Pt , 4 - 4 FT ) , four assists and four steals . DeMar DeRozan had a strong showing with 30 points ( 10 - 17 FG , 0 - 1 3Pt , 10 - 13 FT ) , four rebounds , four assists and two steals . DeMarre Carroll chipped in with 13 points ( 5 - 9 FG , 1 - 2 3Pt , 2 - 2 FT ) and five assists , while Gerald Green came off the bench to score 20 points ( 7 - 15 FG , 5 - 10 3Pt , 1 - 1 FT ) in just his second NBA regular season game ever . The Heat also saw some solid contributions off their bench . Gerald Green led the way with 20 points ( 7 - 15 FG , 5 - 10 3Pt , 1 - 1 FT ) off the bench . The Heat will look to get back on track in the second half of a back - to - back when they travel to Cleveland to take on the Cavaliers on Sunday night . Miami has now lost three straight games . Hassan Whiteside had a strong showing as well , finishing with a team - high of 20 points ( 7 - 15 FG , 5 - 10 3Pt , 1 - 1 FT ) . He 's now combined for 37 points in the last two games , as he continues to stay very consistent for the Heat . Miami will look to get back on track in their next game on Sunday against the Timberwolves .",1482,"The Toronto Raptors (17-11)  defeated the Miami Heat (15-10)  108-94 on Wednesday at American Airlines Arena in Miami. The Raptors got off to a hot start in this game, out-scoring the Heat 64-52 in the first half alone. They were also able to out-score the Heat 50-38 in the second half, allowing them to coast to an easy victory in front of their home crowd. The Raptors were led by Kyle Lowry, who finished with 21 points (8-18 FG, 1-4 3Pt, 4-4 FT), four assists and four steals. DeMar DeRozan had a strong showing with 30 points (10-17 FG, 0-1 3Pt, 10-13 FT), four rebounds, four assists and two steals. DeMarre Carroll chipped in with 13 points (5-9 FG, 1-2 3Pt, 2-2 FT)  and five assists, while Gerald Green came off the bench to score 20 points (7-15 FG, 5-10 3Pt, 1-1 FT)  in just his second NBA regular season game ever. The Heat also saw some solid contributions off their bench. Gerald Green led the way with 20 points (7-15 FG, 5-10 3Pt, 1-1 FT)  off the bench. The Heat will look to get back on track in the second half of a back-to-back when they travel to Cleveland to take on the Cavaliers on Sunday night. Miami has now lost three straight games. Hassan Whiteside had a strong showing as well, finishing with a team-high of 20 points (7-15 FG, 5-10 3Pt, 1-1 FT). He's now combined for 37 points in the last two games, as he continues to stay very consistent for the Heat. Miami will look to get back on track in their next game on Sunday against the Timberwolves.",12_18_15,https://www.basketball-reference.com/boxscores/201512180MIA.html,https://www.basketball-reference.com/teams/MIA/2016_games.html,https://www.basketball-reference.com/teams/TOR/2016_games.html,https://www.timeanddate.com/calendar/monthly.html?year=2015&month=12&country=1,https://mturk-worker-downloads-uoa-nlg.s3.eu-west-2.amazonaws.com/Finding+Mistakes+in+Basketball+S015.docx
12,S016,00_Existing,puduppully_aaai_19_rotowire_test.txt,Thunder,Jazz,308,1943,"The Oklahoma City Thunder ( 50 - 22 ) defeated the visiting Utah Jazz ( 35 - 37 ) 113 - 91 , on Friday night at Chesapeake Energy Arena . This game was tight throughout the first half , but the Thunder came out strong in the third quarter , out - scoring the Jazz 29 - 8 . The Jazz came out strong in the third quarter , out - scoring the Jazz 29 - 8 , but the Thunder battled back in the second and third quarters , where they out - scored the Jazz 59 - 42 , to tie the game on a 24 - 2 run . Oklahoma City was led by Russell Westbrook , who scored a game - high 15 points ( 6 - 15 FG , 1 - 3 3Pt , 2 - 3 FT ) , along with nine assists , seven rebounds and three steals , in 27 minutes . Kevin Durant followed up with 20 points ( 7 - 11 FG , 2 - 4 3Pt , 4 - 5 FT ) , eight rebounds , nine assists , two steals and one block , in 30 minutes , while Dion Waiters chipped in 17 points ( 8 - 16 FG , 1 - 4 3Pt ) , two rebounds , three assists and three steals , in 29 minutes . Gordon Hayward had six points ( 2 - 6 FG , 0 - 3 3Pt , 2 - 2 FT ) , five assists and two rebounds , while Derrick Favors chipped in seven points ( 3 - 8 FG , 1 - 4 3Pt ) , two rebounds , three assists and three steals , in 29 minutes . The Jazz had six players score in double figures , including Gordon Hayward . Hayward finished with six points ( 2 - 6 FG , 0 - 3 3Pt , 2 - 2 FT ) , five assists and two rebounds , in 37 minutes . Derrick Favors chipped in seven points ( 3 - 8 FG , 1 - 1 FT ) , two rebounds and two steals , in 30 minutes . The Jazz had six players reach double figures in points . Gordon Hayward had six points ( 2 - 6 FG , 0 - 3 3Pt , 2 - 2 FT ) , five assists and two rebounds , while Favors had seven points ( 3 - 8 FG , 1 - 1 FT ) , two rebounds and two steals . The Jazz have now lost two in a row . Next the Jazz will host the Grizzlies on Saturday . The Thunder have a couple of days off before getting back in action on Tuesday in Denver .",1804,"The Oklahoma City Thunder (50-22)  defeated the visiting Utah Jazz (35-37)  113-91, on Friday night at Chesapeake Energy Arena. This game was tight throughout the first half, but the Thunder came out strong in the third quarter, out-scoring the Jazz 29-8. The Jazz came out strong in the third quarter, out-scoring the Jazz 29-8, but the Thunder battled back in the second and third quarters, where they out-scored the Jazz 59-42, to tie the game on a 24-2 run. Oklahoma City was led by Russell Westbrook, who scored a game-high 15 points (6-15 FG, 1-3 3Pt, 2-3 FT), along with nine assists, seven rebounds and three steals, in 27 minutes. Kevin Durant followed up with 20 points (7-11 FG, 2-4 3Pt, 4-5 FT), eight rebounds, nine assists, two steals and one block, in 30 minutes, while Dion Waiters chipped in 17 points (8-16 FG, 1-4 3Pt), two rebounds, three assists and three steals, in 29 minutes. Gordon Hayward had six points (2-6 FG, 0-3 3Pt, 2-2 FT), five assists and two rebounds, while Derrick Favors chipped in seven points (3-8 FG, 1-4 3Pt), two rebounds, three assists and three steals, in 29 minutes. The Jazz had six players score in double figures, including Gordon Hayward. Hayward finished with six points (2-6 FG, 0-3 3Pt, 2-2 FT), five assists and two rebounds, in 37 minutes. Derrick Favors chipped in seven points (3-8 FG, 1-1 FT), two rebounds and two steals, in 30 minutes. The Jazz had six players reach double figures in points. Gordon Hayward had six points (2-6 FG, 0-3 3Pt, 2-2 FT), five assists and two rebounds, while Favors had seven points (3-8 FG, 1-1 FT), two rebounds and two steals. The Jazz have now lost two in a row. Next the Jazz will host the Grizzlies on Saturday. The Thunder have a couple of days off before getting back in action on Tuesday in Denver.",03_24_16,https://www.basketball-reference.com/boxscores/201603240OKC.html,https://www.basketball-reference.com/teams/OKC/2016_games.html,https://www.basketball-reference.com/teams/UTA/2016_games.html,https://www.timeanddate.com/calendar/monthly.html?year=2016&month=03&country=1,https://mturk-worker-downloads-uoa-nlg.s3.eu-west-2.amazonaws.com/Finding+Mistakes+in+Basketball+S016.docx
13,S017,00_Existing,puduppully_aaai_19_rotowire_test.txt,Cavaliers,Pistons,668,1940,"The Cleveland Cavaliers defeated the Detroit Pistons , 128 - 96 , at Quicken Loans Arena on Saturday evening . The Cavaliers ( 44 - 22 ) checked in to Monday 's contest with only seven road wins in 17 games away from the Barclays Center , but the Cavaliers ( 33 - 34 ) were able to pull away with an impressive road victory against the Pistons ( 33 - 34 ) . The Cavaliers ( 33 - 34 ) checked in to Tuesday 's contest with only seven road wins in 17 games away from the Barclays Center , but the Cavaliers ( 33 - 34 ) were able to pull away with an impressive road victory against the Pistons ( 33 - 34 ) . Cleveland posted a 60 percent success rate from the field and 63 percent from three - point range , while also limiting them to a paltry 63 percent success rate from behind the arc . Andre Drummond led the way for the Cavs with a modest stat line of eight points , 14 rebounds and one assist . Reggie Jackson followed with a modest six points , five assists , one rebound and one steal . Kentavious Caldwell-Pope led the bench with 11 points , two rebounds , three assists and one steal . Marcus Morris matched Morris 's point total and added seven boards , an assist and a steal . Ish Smith was productive in a reserve role as well with 12 points , three assists , one rebound and one steal . Richard Jefferson and Richard Jefferson were next with a pair of 16 - point efforts , with the former adding one assist , two rebounds and one steal , and the latter registering eight boards , one assist and two steals . Deron Williams was next with 13 points , three assists , two rebounds and a steal . Kyle Korver totaled 12 points , five boards , one assist and one steal . Richard Jefferson led the bench with 16 points , one assist , two rebounds and two steals . The Pistons head back home to tangle with the Atlanta Hawks on Friday night , while the Cavaliers remain home and await the Philadelphia 76ers on Friday evening as well .",1875,"The Cleveland Cavaliers defeated the Detroit Pistons, 128-96, at Quicken Loans Arena on Saturday evening. The Cavaliers (44-22)  checked in to Monday's contest with only seven road wins in 17 games away from the Barclays Center, but the Cavaliers (33-34)  were able to pull away with an impressive road victory against the Pistons (33-34). The Cavaliers (33-34)  checked in to Tuesday's contest with only seven road wins in 17 games away from the Barclays Center, but the Cavaliers (33-34)  were able to pull away with an impressive road victory against the Pistons (33-34). Cleveland posted a 60 percent success rate from the field and 63 percent from three-point range, while also limiting them to a paltry 63 percent success rate from behind the arc. Andre Drummond led the way for the Cavs with a modest stat line of eight points, 14 rebounds and one assist. Reggie Jackson followed with a modest six points, five assists, one rebound and one steal. Kentavious Caldwell-Pope led the bench with 11 points, two rebounds, three assists and one steal. Marcus Morris matched Morris's point total and added seven boards, an assist and a steal. Ish Smith was productive in a reserve role as well with 12 points, three assists, one rebound and one steal. Richard Jefferson and Richard Jefferson were next with a pair of 16-point efforts, with the former adding one assist, two rebounds and one steal, and the latter registering eight boards, one assist and two steals. Deron Williams was next with 13 points, three assists, two rebounds and a steal. Kyle Korver totaled 12 points, five boards, one assist and one steal. Richard Jefferson led the bench with 16 points, one assist, two rebounds and two steals. The Pistons head back home to tangle with the Atlanta Hawks on Friday night, while the Cavaliers remain home and await the Philadelphia 76ers on Friday evening as well.",03_14_17,https://www.basketball-reference.com/boxscores/201703140CLE.html,https://www.basketball-reference.com/teams/CLE/2017_games.html,https://www.basketball-reference.com/teams/DET/2017_games.html,https://www.timeanddate.com/calendar/monthly.html?year=2017&month=03&country=1,https://mturk-worker-downloads-uoa-nlg.s3.eu-west-2.amazonaws.com/Finding+Mistakes+in+Basketball+S017.docx
14,S018,00_Existing,puduppully_aaai_19_rotowire_test.txt,Warriors,Clippers,565,1854,"The Golden State Warriors ( 64 - 7 ) defeated the Los Angeles Clippers ( 43 - 27 ) 114 - 98 on Wednesday at Oracle Arena in Oakland . The Warriors were the superior shooters in this game , going 42 percent from the field and 29 percent from the three - point line , while the Clippers went just 42 percent from the floor and a meager 29 percent from deep . The Warriors were led by the duo of Stephen Curry and Klay Thompson . Curry finished with a game - high of 33 points ( 12 - 23 FG , 4 - 10 3Pt , 5 - 6 FT ) , while also adding five assists and three steals . He 's had two solid showings in a row , combining for 39 points , 13 assists and three steals . Draymond Green nearly had a triple - double of his own , as he posted 12 points ( 4 - 8 FG , 0 - 2 3Pt , 4 - 6 FT ) and 12 rebounds . He 's riding a nice two - game stretch where he 's combined for 29 points and 12 rebounds . Harrison Barnes chipped in with 11 points ( 3 - 11 FG , 2 - 4 3Pt , 3 - 4 FT ) and six rebounds of his own . The Clippers received some strong contributions from their bench , with both Josh Smith and Jamal Crawford shooting all . Jordan finished with 19 points ( 7 - 10 FG , 5 - 10 FT ) , 20 rebounds and two blocked shots , while Crawford went 4 - for - 11 from the field and 2 - for - 4 from the three - point line to score 12 points , while also handing out six assists . It was his second double - double in a row , a stretch where he 's averaging 17 points and 12 rebounds . The only other Clipper to reach double figures in points was Jamal Crawford , who shot 4 - for - 11 from the field and 2 - for - 4 from the three - point line to score 12 points , while also handing out six assists . The Clippers ' next game will be at home against the Portland Trail Blazers on Friday , while the Clippers will be at home against the Minnesota Timberwolves on Friday .",1752,"The Golden State Warriors (64-7)  defeated the Los Angeles Clippers (43-27)  114-98 on Wednesday at Oracle Arena in Oakland. The Warriors were the superior shooters in this game, going 42 percent from the field and 29 percent from the three-point line, while the Clippers went just 42 percent from the floor and a meager 29 percent from deep. The Warriors were led by the duo of Stephen Curry and Klay Thompson. Curry finished with a game-high of 33 points (12-23 FG, 4-10 3Pt, 5-6 FT), while also adding five assists and three steals. He's had two solid showings in a row, combining for 39 points, 13 assists and three steals. Draymond Green nearly had a triple-double of his own, as he posted 12 points (4-8 FG, 0-2 3Pt, 4-6 FT)  and 12 rebounds. He's riding a nice two-game stretch where he's combined for 29 points and 12 rebounds. Harrison Barnes chipped in with 11 points (3-11 FG, 2-4 3Pt, 3-4 FT)  and six rebounds of his own. The Clippers received some strong contributions from their bench, with both Josh Smith and Jamal Crawford shooting all. Jordan finished with 19 points (7-10 FG, 5-10 FT), 20 rebounds and two blocked shots, while Crawford went 4-for-11 from the field and 2-for-4 from the three-point line to score 12 points, while also handing out six assists. It was his second double-double in a row, a stretch where he's averaging 17 points and 12 rebounds. The only other Clipper to reach double figures in points was Jamal Crawford, who shot 4-for-11 from the field and 2-for-4 from the three-point line to score 12 points, while also handing out six assists. The Clippers ' next game will be at home against the Portland Trail Blazers on Friday, while the Clippers will be at home against the Minnesota Timberwolves on Friday.",03_23_16,https://www.basketball-reference.com/boxscores/201603230GSW.html,https://www.basketball-reference.com/teams/GSW/2016_games.html,https://www.basketball-reference.com/teams/LAC/2016_games.html,https://www.timeanddate.com/calendar/monthly.html?year=2016&month=03&country=1,https://mturk-worker-downloads-uoa-nlg.s3.eu-west-2.amazonaws.com/Finding+Mistakes+in+Basketball+S018.docx
15,S022,00_Existing,rebuffel_test_gen_not_paper.txt,Timberwolves,Pelicans,562,1505,"The New Orleans Pelicans defeated the Minnesota Timberwolves , 122 - 106 , at Target Center on Friday . These are two teams going in opposite directions and this result shows just that . In this game , there were 8 ties and 10 lead changes in total , with neither team leading by more than 8 points . Defense was key for the Pelicans , as they held the Timberwolves to 46 percent from the field and 22 percent from three - point range . Rebounding was a huge factor as well , with the Pelicans winning that battle , 43 - 34 . Anthony Davis led the Timberwolves in scoring with 42 points on 16 - of - 22 from the field and 8 - of - 11 from the free - throw line . Jrue Holiday was second on the team , as he tallied 25 points , six rebounds and 12 assists . Buddy Hield was second on the team , as he dropped 17 points on 7 - of - 10 shooting . Gorgui Dieng finished with eight points , eight rebounds and three steals . Buddy Hield led Minnesota in scoring , as he provided 17 points and four rebounds on 7 - of - 10 from the field . Gorgui Dieng amassed eight points , eight rebounds and three steals . Minnesota 's next game will be on Friday , when they host the Oklahoma City Thunder for their next game . The Pelicans ( 21 - 33 ) have been one of the worst teams in the league , as this marks their 17th win at Verizon Center . Anthony Davis led the way for Minnesota , as he collected 42 points and 13 rebounds . Jrue Holiday finished second on the team with 25 points , 12 assists and five steals .",1445,"The New Orleans Pelicans defeated the Minnesota Timberwolves, 122-106, at Target Center on Friday. These are two teams going in opposite directions and this result shows just that. In this game, there were 8 ties and 10 lead changes in total, with neither team leading by more than 8 points. Defense was key for the Pelicans, as they held the Timberwolves to 46 percent from the field and 22 percent from three-point range. Rebounding was a huge factor as well, with the Pelicans winning that battle, 43-34. Anthony Davis led the Timberwolves in scoring with 42 points on 16-of-22 from the field and 8-of-11 from the free-throw line. Jrue Holiday was second on the team, as he tallied 25 points, six rebounds and 12 assists. Buddy Hield was second on the team, as he dropped 17 points on 7-of-10 shooting. Gorgui Dieng finished with eight points, eight rebounds and three steals. Buddy Hield led Minnesota in scoring, as he provided 17 points and four rebounds on 7-of-10 from the field. Gorgui Dieng amassed eight points, eight rebounds and three steals. Minnesota's next game will be on Friday, when they host the Oklahoma City Thunder for their next game. The Pelicans (21-33)  have been one of the worst teams in the league, as this marks their 17th win at Verizon Center. Anthony Davis led the way for Minnesota, as he collected 42 points and 13 rebounds. Jrue Holiday finished second on the team with 25 points, 12 assists and five steals.",02_10_17,https://www.basketball-reference.com/boxscores/201702100MIN.html,https://www.basketball-reference.com/teams/MIN/2017_games.html,https://www.basketball-reference.com/teams/NOP/2017_games.html,https://www.timeanddate.com/calendar/monthly.html?year=2017&month=02&country=1,https://mturk-worker-downloads-uoa-nlg.s3.eu-west-2.amazonaws.com/Finding+Mistakes+in+Basketball+S022.docx
16,S023,00_Existing,rebuffel_test_gen_not_paper.txt,Mavericks,Lakers,654,1614,"The Dallas Mavericks defeated the Los Angeles Lakers , 122 - 73 , at American Airlines Center on Wednesday . Dallas was expected to win this game easily and they left no doubt with this result . In fact , the Mavericks led for the entirety of the second half , as they led by 11 at times in the second half . Defense was key for the Mavericks , as they held the Lakers to 38 percent shooting and forced them to commit 17 turnovers . Justin Anderson led the way for Dallas in scoring , as he dropped 19 points off the bench . Justin Anderson led the team in scoring off the bench , as he dropped 19 points on 5 - of - 11 shooting . Deron Williams was the only other starter in double figures , as he accumulated 13 points , five rebounds and eight assists . Justin Anderson led the bench in scoring for 19 points , while adding five rebounds and two assists . Julius Randle recorded a double - double , totaling nine points , six rebounds and four assists . Justin Anderson led the Lakers in scoring off the bench , as he provided 19 points and five rebounds . Julius Randle was the only other Laker in double figures , collecting nine points , six rebounds and four assists . On deck for Los Angeles is a home matchup against the Portland Trail Blazers on Wednesday . The Mavericks ( 15 - 29 ) have now won five - straight games , as they continue to revive their season . Justin Anderson was the player of the game , as he led the team with 19 points and five rebounds on 5 - of - 11 shooting off the bench . Justin Anderson was second on the team , as he dropped 19 points on 5 - of - 11 shooting off the bench .",1560,"The Dallas Mavericks defeated the Los Angeles Lakers, 122-73, at American Airlines Center on Wednesday. Dallas was expected to win this game easily and they left no doubt with this result. In fact, the Mavericks led for the entirety of the second half, as they led by 11 at times in the second half. Defense was key for the Mavericks, as they held the Lakers to 38 percent shooting and forced them to commit 17 turnovers. Justin Anderson led the way for Dallas in scoring, as he dropped 19 points off the bench. Justin Anderson led the team in scoring off the bench, as he dropped 19 points on 5-of-11 shooting. Deron Williams was the only other starter in double figures, as he accumulated 13 points, five rebounds and eight assists. Justin Anderson led the bench in scoring for 19 points, while adding five rebounds and two assists. Julius Randle recorded a double-double, totaling nine points, six rebounds and four assists. Justin Anderson led the Lakers in scoring off the bench, as he provided 19 points and five rebounds. Julius Randle was the only other Laker in double figures, collecting nine points, six rebounds and four assists. On deck for Los Angeles is a home matchup against the Portland Trail Blazers on Wednesday. The Mavericks (15-29)  have now won five-straight games, as they continue to revive their season. Justin Anderson was the player of the game, as he led the team with 19 points and five rebounds on 5-of-11 shooting off the bench. Justin Anderson was second on the team, as he dropped 19 points on 5-of-11 shooting off the bench.",01_22_17,https://www.basketball-reference.com/boxscores/201701220DAL.html,https://www.basketball-reference.com/teams/DAL/2017_games.html,https://www.basketball-reference.com/teams/LAL/2017_games.html,https://www.timeanddate.com/calendar/monthly.html?year=2017&month=01&country=1,https://mturk-worker-downloads-uoa-nlg.s3.eu-west-2.amazonaws.com/Finding+Mistakes+in+Basketball+S023.docx
17,S024,00_Existing,rebuffel_test_gen_not_paper.txt,Warriors,Kings,213,1552,"The Golden State Warriors defeated the Sacramento Kings , 114 - 100 , at Oracle Arena on Saturday . The Warriors ( 58 - 14 ) came into Wednesday 's contest with a golden opportunity to keep their faint playoff hopes alive , as the Kings ( 27 - 45 ) were able to pierce Golden State 's armor Wednesday , touching up Gregg Popovich 's crew for a season - high 114 points . Stephen Curry led the way for the Warriors with 27 points , 12 assists , seven rebounds and six steals . Green followed with 23 points , four rebounds , eight assists , three steals and a block . Skal Labissiere followed with 10 points , eight assists , a rebound and a block in 27 minutes off the bench . The Warriors were led by Buddy Hield 's 22 points , which he supplemented with eight rebounds , seven assists and two steals . Draymond Green posted a 23 - point , 4 - assist double - double that also included four rebounds , three steals and one block . Skal Labissiere led the second unit with 10 points , 10 rebounds , eight assists and one block . Ben McLemore led the second unit with 11 points , one rebound , two assists and one steal . Stephen Curry paced the Kings with a 27 - point , 12 - assist double - double that also included seven rebounds and six steals . Buddy Hield was next with a bench - leading 22 points , which he supplemented with eight assists , eight rebounds and two steals . Draymond Green totaled 23 points , eight assists , four rebounds , three steals and one block . Willie Cauley-Stein totaled 12 points and four rebounds in a reserve role .",1486,"The Golden State Warriors defeated the Sacramento Kings, 114-100, at Oracle Arena on Saturday. The Warriors (58-14)  came into Wednesday's contest with a golden opportunity to keep their faint playoff hopes alive, as the Kings (27-45)  were able to pierce Golden State's armor Wednesday, touching up Gregg Popovich's crew for a season-high 114 points. Stephen Curry led the way for the Warriors with 27 points, 12 assists, seven rebounds and six steals. Green followed with 23 points, four rebounds, eight assists, three steals and a block. Skal Labissiere followed with 10 points, eight assists, a rebound and a block in 27 minutes off the bench. The Warriors were led by Buddy Hield's 22 points, which he supplemented with eight rebounds, seven assists and two steals. Draymond Green posted a 23-point, 4-assist double-double that also included four rebounds, three steals and one block. Skal Labissiere led the second unit with 10 points, 10 rebounds, eight assists and one block. Ben McLemore led the second unit with 11 points, one rebound, two assists and one steal. Stephen Curry paced the Kings with a 27-point, 12-assist double-double that also included seven rebounds and six steals. Buddy Hield was next with a bench-leading 22 points, which he supplemented with eight assists, eight rebounds and two steals. Draymond Green totaled 23 points, eight assists, four rebounds, three steals and one block. Willie Cauley-Stein totaled 12 points and four rebounds in a reserve role.",03_24_17,https://www.basketball-reference.com/boxscores/201703240GSW.html,https://www.basketball-reference.com/teams/GSW/2017_games.html,https://www.basketball-reference.com/teams/SAC/2017_games.html,https://www.timeanddate.com/calendar/monthly.html?year=2017&month=03&country=1,https://mturk-worker-downloads-uoa-nlg.s3.eu-west-2.amazonaws.com/Finding+Mistakes+in+Basketball+S024.docx
18,S025,00_Existing,rebuffel_test_gen_not_paper.txt,Celtics,Spurs,220,1289,"The San Antonio Spurs defeated the Boston Celtics , 109 - 103 , at TD Garden on Friday . The Spurs ( 13 - 3 ) checked in to Thursday 's contest with a mere nine points over the Celtics ( 9 - 7 ) at home , but it was n't enough to keep the Celtics ( 9 - 7 ) to their eighth home victory of the season . Kawhi Leonard led the way for the Spurs , scoring 25 points on 8 - of - 18 shooting , including 3 - of - 7 from three - point range , to go along with 10 rebounds and four assists in 35 minutes . Kawhi Leonard added 25 points , 10 rebounds and four assists , while Patty Mills added 19 points off the bench . Avery Bradley added 19 points on 8 - of - 15 shooting , while David Lee chipped in 15 points off the bench . Isaiah Thomas led the Celtics in scoring , with 24 points , to go along with a rebound and eight assists , in 36 minutes . Avery Bradley followed up with 19 points , eight rebounds and three assists , while David Lee chipped in 15 points on 6 - of - 9 shooting , including 0 - of - 0 from long range . LaMarcus Aldridge finished with 10 points , four rebounds and four assists , in 32 minutes . The Spurs shot 47 percent from the field and 46 percent from long range , while the Celtics shot 46 percent from the field , while the Celtics hit 46 percent of their shots .",1226,"The San Antonio Spurs defeated the Boston Celtics, 109-103, at TD Garden on Friday. The Spurs (13-3)  checked in to Thursday's contest with a mere nine points over the Celtics (9-7)  at home, but it wasn't enough to keep the Celtics (9-7)  to their eighth home victory of the season. Kawhi Leonard led the way for the Spurs, scoring 25 points on 8-of-18 shooting, including 3-of-7 from three-point range, to go along with 10 rebounds and four assists in 35 minutes. Kawhi Leonard added 25 points, 10 rebounds and four assists, while Patty Mills added 19 points off the bench. Avery Bradley added 19 points on 8-of-15 shooting, while David Lee chipped in 15 points off the bench. Isaiah Thomas led the Celtics in scoring, with 24 points, to go along with a rebound and eight assists, in 36 minutes. Avery Bradley followed up with 19 points, eight rebounds and three assists, while David Lee chipped in 15 points on 6-of-9 shooting, including 0-of-0 from long range. LaMarcus Aldridge finished with 10 points, four rebounds and four assists, in 32 minutes. The Spurs shot 47 percent from the field and 46 percent from long range, while the Celtics shot 46 percent from the field, while the Celtics hit 46 percent of their shots.",11_25_16,https://www.basketball-reference.com/boxscores/201611250BOS.html,https://www.basketball-reference.com/teams/BOS/2017_games.html,https://www.basketball-reference.com/teams/SAS/2017_games.html,https://www.timeanddate.com/calendar/monthly.html?year=2016&month=11&country=1,https://mturk-worker-downloads-uoa-nlg.s3.eu-west-2.amazonaws.com/Finding+Mistakes+in+Basketball+S025.docx
19,S026,00_Existing,rebuffel_test_gen_not_paper.txt,Suns,Pacers,105,2338,"The Phoenix Suns ( 11 - 8 ) defeated the David West ( 5 - 12 ) 116 - 0 on Wednesday at the US Airways Center in Phoenix . The Suns got off to a quick start in this one , out - scoring the Pacers 26 - 27 in the first quarter alone . The Suns were the superior shooters in this game , going 50 percent from the field and 48 percent from the three - point line , while the 12 - for - 12 from the free throw line , 0 - for - 3 from beyond the arc . The Suns were led by the duo of Eric Dragic and Goran Dragic . Dragic went 11 - for - 15 from the field and 5 - for - 6 from the three - point line to score a game - high of 34 points , while also adding five rebounds and three steals . It was a season - high in points for Dragic , who recorded his second double - double in the last five games . Dragic had 34 points ( 11 - 15 FG , 5 - 6 3Pt , 7 - 7 FT ) , five rebounds and three assists , while Dragic had 34 points ( 11 - 20 FG , 5 - 6 3Pt , 4 - 7 FT ) , three assists and four steals . It was his second double - double in a row , as he 's combined for 42 points and 11 rebounds over his last two games . Roy Hibbert also had a solid showing , recording 15 points ( 6 - 14 FG , 0 - 0 3Pt , 3 - 3 FT ) , 10 rebounds and two steals . It was his second double - double in a row , as he 's averaged 10 points and 16 rebounds per game . CJ Miles also had a big game off the bench with 17 points ( 6 - 9 FG , 1 - 3 3Pt , 4 - 4 FT ) and a pair of rebounds . It was his second double - double in a row , as he 's combined for 42 points and 12 rebounds over his last two games . Roy Hibbert also had a solid showing , recording 15 points ( 6 - 14 FG , 0 - 0 3Pt , 3 - 3 FT ) , 10 rebounds and two steals . He 's now averaging 10 points and 6 rebounds on the year . CJ Miles had a strong showing off the bench , scoring 17 points ( 6 - 9 FG , 1 - 3 3Pt , 4 - 4 FT ) , to go along with two rebounds and two assists . He 's now averaging 15 points and 6 rebounds on the year . CJ Miles was the only other starter to reach double figures in points . He went 6 - for - 9 from the field and 1 - for - 3 from the three - point line to score 17 points , while also adding seven rebounds and a steal . The Suns ' next game will be at home against the Toronto Raptors on Friday , while the Pacers will be at home against the Brooklyn Nets on Friday .",2183,"The Phoenix Suns (11-8)  defeated the David West (5-12)  116-0 on Wednesday at the US Airways Center in Phoenix. The Suns got off to a quick start in this one, out-scoring the Pacers 26-27 in the first quarter alone. The Suns were the superior shooters in this game, going 50 percent from the field and 48 percent from the three-point line, while the 12-for-12 from the free throw line, 0-for-3 from beyond the arc. The Suns were led by the duo of Eric Dragic and Goran Dragic. Dragic went 11-for-15 from the field and 5-for-6 from the three-point line to score a game-high of 34 points, while also adding five rebounds and three steals. It was a season-high in points for Dragic, who recorded his second double-double in the last five games. Dragic had 34 points (11-15 FG, 5-6 3Pt, 7-7 FT), five rebounds and three assists, while Dragic had 34 points (11-20 FG, 5-6 3Pt, 4-7 FT), three assists and four steals. It was his second double-double in a row, as he's combined for 42 points and 11 rebounds over his last two games. Roy Hibbert also had a solid showing, recording 15 points (6-14 FG, 0-0 3Pt, 3-3 FT), 10 rebounds and two steals. It was his second double-double in a row, as he's averaged 10 points and 16 rebounds per game. CJ Miles also had a big game off the bench with 17 points (6-9 FG, 1-3 3Pt, 4-4 FT)  and a pair of rebounds. It was his second double-double in a row, as he's combined for 42 points and 12 rebounds over his last two games. Roy Hibbert also had a solid showing, recording 15 points (6-14 FG, 0-0 3Pt, 3-3 FT), 10 rebounds and two steals. He's now averaging 10 points and 6 rebounds on the year. CJ Miles had a strong showing off the bench, scoring 17 points (6-9 FG, 1-3 3Pt, 4-4 FT), to go along with two rebounds and two assists. He's now averaging 15 points and 6 rebounds on the year. CJ Miles was the only other starter to reach double figures in points. He went 6-for-9 from the field and 1-for-3 from the three-point line to score 17 points, while also adding seven rebounds and a steal. The Suns ' next game will be at home against the Toronto Raptors on Friday, while the Pacers will be at home against the Brooklyn Nets on Friday.",12_02_14,https://www.basketball-reference.com/boxscores/201412020PHO.html,https://www.basketball-reference.com/teams/PHO/2015_games.html,https://www.basketball-reference.com/teams/IND/2015_games.html,https://www.timeanddate.com/calendar/monthly.html?year=2014&month=12&country=1,https://mturk-worker-downloads-uoa-nlg.s3.eu-west-2.amazonaws.com/Finding+Mistakes+in+Basketball+S026.docx
20,S027,00_Existing,rebuffel_test_gen_not_paper.txt,Knicks,Rockets,512,1274,"The New York Knicks ( 8 - 10 ) defeated the Houston Rockets ( 7 - 10 ) 111 - 111 on Wednesday at Madison Square Garden in New York . The Knicks got off to a quick start in this one , out - scoring the Knicks 25 - 21 in the first quarter alone . The Rockets were the superior shooters in this game , going 58 percent from the field and 33 percent from the three - point line , while the Rockets went 58 percent from the floor and 33 percent from beyond the arc . The Knicks were led by Arron Afflalo , who went 13 - for - 19 from the field and 2 - for - 4 from the three - point line to score a game - high of 31 points , while also adding seven rebounds and three assists . It was his second straight game with a career - high of 31 points ( 13 - 19 FG , 2 - 4 3Pt , 3 - 4 FT ) of his own , while also adding seven rebounds . It was his second double - double in a row , as he 's combined for 45 points and 10 rebounds over his last two games . Kristaps Porzingis was the only other starter in double figures , finishing with 20 points ( 8 - 13 FG , 0 - 1 3Pt , 4 - 4 FT ) , 13 rebounds and two blocked shots . The Rockets ' next game will be on the road against the Detroit Pistons on Wednesday , while the Knicks will travel to Charlotte to play the Hornets on Wednesday .",1207,"The New York Knicks (8-10)  defeated the Houston Rockets (7-10)  111-111 on Wednesday at Madison Square Garden in New York. The Knicks got off to a quick start in this one, out-scoring the Knicks 25-21 in the first quarter alone. The Rockets were the superior shooters in this game, going 58 percent from the field and 33 percent from the three-point line, while the Rockets went 58 percent from the floor and 33 percent from beyond the arc. The Knicks were led by Arron Afflalo, who went 13-for-19 from the field and 2-for-4 from the three-point line to score a game-high of 31 points, while also adding seven rebounds and three assists. It was his second straight game with a career-high of 31 points (13-19 FG, 2-4 3Pt, 3-4 FT)  of his own, while also adding seven rebounds. It was his second double-double in a row, as he's combined for 45 points and 10 rebounds over his last two games. Kristaps Porzingis was the only other starter in double figures, finishing with 20 points (8-13 FG, 0-1 3Pt, 4-4 FT), 13 rebounds and two blocked shots. The Rockets ' next game will be on the road against the Detroit Pistons on Wednesday, while the Knicks will travel to Charlotte to play the Hornets on Wednesday.",11_29_15,https://www.basketball-reference.com/boxscores/201511290NYK.html,https://www.basketball-reference.com/teams/NYK/2016_games.html,https://www.basketball-reference.com/teams/HOU/2016_games.html,https://www.timeanddate.com/calendar/monthly.html?year=2015&month=11&country=1,https://mturk-worker-downloads-uoa-nlg.s3.eu-west-2.amazonaws.com/Finding+Mistakes+in+Basketball+S027.docx
21,S028,00_Existing,rebuffel_test_gen_not_paper.txt,Nets,Wizards,138,2063,"The Washington Wizards defeated the Brooklyn Nets , 114 - 110 , at Barclays Center on Saturday evening . The Wizards ( 31 - 21 ) have been mocked for some time for the "" Trust the Process "" slogan that has become associated with their run with the first - round win of the season . Washington was able to withstand a late rally from the Nets ( 9 - 21 ) in the first half of a back - to - back set , building a 31 - 22 lead after one quarter . However , the Wizards ( 31 - 44 ) regrouped at halftime and came out strong in the second quarter , outscoring the Nets by a 59 - 48 margin in the second half . The visitors were led by a pair of 23 - point efforts from John Wall and Bradley Beal , with the former adding 2 rebounds , two assists and two steals and the latter posting six rebounds , two assists and two steals . Marcin Gortat posted a 14 - point , 14 - rebound double - double that also included an assist , a steal and a block . Sean Kilpatrick led the second unit with 10 points , four rebounds and two assists . Bradley Beal led the way for Brooklyn with 31 points , six rebounds , two assists and two steals . Otto Porter , Jr posted a 20 - point , 10 - rebound double - double that also included one assist and a steal . Rondae Hollis-Jefferson posted a 13 - point , 11 - rebound double - double that also included two assists and a steal . Jason Smith led the second unit with 15 points , eight rebounds and a steal . Sean Kilpatrick led the second unit with 10 points , four rebounds and two assists . Bradley Beal led the Nets with 31 points , six rebounds , two assists and two steals . Bojan Bogdanovic was next with 21 points , five rebounds , four assists and two steals . Marcin Gortat posted a 14 - point , 14 - rebound double - double that also included one assist , one steal and one block . Sean Kilpatrick led the second unit with 10 points , four rebounds and two assists . The Nets head back home to face off with the Detroit Pistons on Friday night , while the Nets remain home and await the Phoenix Suns on Friday evening as well .",1973,"The Washington Wizards defeated the Brooklyn Nets, 114-110, at Barclays Center on Saturday evening. The Wizards (31-21)  have been mocked for some time for the "" Trust the Process "" slogan that has become associated with their run with the first-round win of the season. Washington was able to withstand a late rally from the Nets (9-21)  in the first half of a back-to-back set, building a 31-22 lead after one quarter. However, the Wizards (31-44)  regrouped at halftime and came out strong in the second quarter, outscoring the Nets by a 59-48 margin in the second half. The visitors were led by a pair of 23-point efforts from John Wall and Bradley Beal, with the former adding 2 rebounds, two assists and two steals and the latter posting six rebounds, two assists and two steals. Marcin Gortat posted a 14-point, 14-rebound double-double that also included an assist, a steal and a block. Sean Kilpatrick led the second unit with 10 points, four rebounds and two assists. Bradley Beal led the way for Brooklyn with 31 points, six rebounds, two assists and two steals. Otto Porter, Jr posted a 20-point, 10-rebound double-double that also included one assist and a steal. Rondae Hollis-Jefferson posted a 13-point, 11-rebound double-double that also included two assists and a steal. Jason Smith led the second unit with 15 points, eight rebounds and a steal. Sean Kilpatrick led the second unit with 10 points, four rebounds and two assists. Bradley Beal led the Nets with 31 points, six rebounds, two assists and two steals. Bojan Bogdanovic was next with 21 points, five rebounds, four assists and two steals. Marcin Gortat posted a 14-point, 14-rebound double-double that also included one assist, one steal and one block. Sean Kilpatrick led the second unit with 10 points, four rebounds and two assists. The Nets head back home to face off with the Detroit Pistons on Friday night, while the Nets remain home and await the Phoenix Suns on Friday evening as well.",02_08_17,https://www.basketball-reference.com/boxscores/201702080BRK.html,https://www.basketball-reference.com/teams/BRK/2017_games.html,https://www.basketball-reference.com/teams/WAS/2017_games.html,https://www.timeanddate.com/calendar/monthly.html?year=2017&month=02&country=1,https://mturk-worker-downloads-uoa-nlg.s3.eu-west-2.amazonaws.com/Finding+Mistakes+in+Basketball+S028.docx
31,S031,01_To_60,wiseman_frototest_conditional_copy_beam5_gens.txt,Celtics,Bulls,681,1332,"The Boston Celtics defeated the Chicago Bulls , 100 - 80 , at TD Garden on Wednesday . The Celtics ( 42 - 25 ) checked in to Tuesday 's contest with a win over the Bulls ( 31 - 35 ) , but they 've now won five of their last seven games . However , the Celtics ( 42 - 35 ) were able to pull away in the second half , outscoring them by a 30 - 17 margin over the final 12 minutes . However , the Celtics battled back in the second half , outscoring the Bulls by a 31 - 17 margin over the final 12 minutes . However , the Celtics battled back to make it a one - point game with three minutes left in the fourth , but the Celtics battled back to make it a one - point game with three seconds remaining . The Celtics were led by Al Horford 's 12 points , which he supplemented with seven rebounds , six assists , two blocks and a steal . Horford was next with 12 points , seven rebounds , six assists and a pair of blocks . Al Horford was next with 12 points , seven rebounds , six assists and a pair of blocks . Kelly Olynyk led the second unit with 11 points , three rebounds , three assists and a steal . The Celtics remain in second place in the Eastern Conference 's Atlantic Division , and are currently slotted in the fourth seed in the conference as well . They 're home again on Wednesday for a showdown with the Orlando Magic .",1278,"The Boston Celtics defeated the Chicago Bulls, 100-80, at TD Garden on Wednesday. The Celtics (42-25)  checked in to Tuesday's contest with a win over the Bulls (31-35), but they've now won five of their last seven games. However, the Celtics (42-35)  were able to pull away in the second half, outscoring them by a 30-17 margin over the final 12 minutes. However, the Celtics battled back in the second half, outscoring the Bulls by a 31-17 margin over the final 12 minutes. However, the Celtics battled back to make it a one-point game with three minutes left in the fourth, but the Celtics battled back to make it a one-point game with three seconds remaining. The Celtics were led by Al Horford's 12 points, which he supplemented with seven rebounds, six assists, two blocks and a steal. Horford was next with 12 points, seven rebounds, six assists and a pair of blocks. Al Horford was next with 12 points, seven rebounds, six assists and a pair of blocks. Kelly Olynyk led the second unit with 11 points, three rebounds, three assists and a steal. The Celtics remain in second place in the Eastern Conference's Atlantic Division, and are currently slotted in the fourth seed in the conference as well. They're home again on Wednesday for a showdown with the Orlando Magic.",03_12_17,https://www.basketball-reference.com/boxscores/201703120BOS.html,https://www.basketball-reference.com/teams/BOS/2017_games.html,https://www.basketball-reference.com/teams/CHI/2017_games.html,https://www.timeanddate.com/calendar/monthly.html?year=2017&month=03&country=1,https://mturk-worker-downloads-uoa-nlg.s3.eu-west-2.amazonaws.com/Finding+Mistakes+in+Basketball+S031.docx
32,S032,01_To_60,wiseman_frototest_conditional_copy_beam5_gens.txt,Spurs,Trail Blazers,260,1486,"The Portland Trail Blazers ( 30 - 10 ) defeated the San Antonio Spurs ( 25 - 16 ) 110 - 96 on Wednesday at the AT & T Center in San Antonio . The Spurs got off to a quick start in this one , out - scoring the Spurs 35 - 28 in the first quarter alone . The Spurs were able to coast to a victory in front of their home crowd , as they shot 50 percent from the field and 38 percent from the three - point line , while the Spurs finished at 45 percent from the floor and just 32 percent from deep . The Trail Blazers were also able to force the Spurs into 16 turnovers , while committing only 12 of their own . The Spurs were led by the duo of LaMarcus Aldridge and LaMarcus Aldridge . Aldridge went 9 - for - 18 from the field and 6 - for - 6 from the three - point line to score a game - high of 24 points , while also adding eight rebounds and three assists . He 's now averaging 25 points and 8 rebounds on the season . Aldridge on the other hand went 9 - for - 18 from the field and 6 - for - 6 from the three - point line to score 24 points , while also adding eight rebounds and three assists . It was his second double - double in a row , as he 's combined for 54 points and 13 rebounds over that span . Coming off the bench , Manu Ginobili had 13 points ( 4 - 12 FG , 1 - 6 3Pt , 4 - 4 FT ) and seven assists in 22 minutes . The Spurs ' next game will be at home against the Dallas Mavericks on Friday , while the Spurs will be at home against the Golden State Warriors on Friday .",1417,"The Portland Trail Blazers (30-10)  defeated the San Antonio Spurs (25-16)  110-96 on Wednesday at the AT & T Center in San Antonio. The Spurs got off to a quick start in this one, out-scoring the Spurs 35-28 in the first quarter alone. The Spurs were able to coast to a victory in front of their home crowd, as they shot 50 percent from the field and 38 percent from the three-point line, while the Spurs finished at 45 percent from the floor and just 32 percent from deep. The Trail Blazers were also able to force the Spurs into 16 turnovers, while committing only 12 of their own. The Spurs were led by the duo of LaMarcus Aldridge and LaMarcus Aldridge. Aldridge went 9-for-18 from the field and 6-for-6 from the three-point line to score a game-high of 24 points, while also adding eight rebounds and three assists. He's now averaging 25 points and 8 rebounds on the season. Aldridge on the other hand went 9-for-18 from the field and 6-for-6 from the three-point line to score 24 points, while also adding eight rebounds and three assists. It was his second double-double in a row, as he's combined for 54 points and 13 rebounds over that span. Coming off the bench, Manu Ginobili had 13 points (4-12 FG, 1-6 3Pt, 4-4 FT)  and seven assists in 22 minutes. The Spurs ' next game will be at home against the Dallas Mavericks on Friday, while the Spurs will be at home against the Golden State Warriors on Friday.",01_16_15,https://www.basketball-reference.com/boxscores/201501160SAS.html,https://www.basketball-reference.com/teams/SAS/2015_games.html,https://www.basketball-reference.com/teams/POR/2015_games.html,https://www.timeanddate.com/calendar/monthly.html?year=2015&month=01&country=1,https://mturk-worker-downloads-uoa-nlg.s3.eu-west-2.amazonaws.com/Finding+Mistakes+in+Basketball+S032.docx
35,S035,01_To_60,puduppully_aaai_19_rotowire_test.txt,Heat,Thunder,392,1758,"The Oklahoma City Thunder defeated the host Miami Heat , 106 - 94 , at American Airlines Arena on Tuesday . In a battle between two of the best offenses in the NBA , the Thunder were able to prevail with a huge road win . In fact , Oklahoma City outscored Miami , 46 - 34 in the second half to pull out a win . Rebounding was the biggest factor for Oklahoma City , as they won that battle , 46 - 34 . The Thunder shot 51 percent from the field , while holding the Heat to 44 percent from the field . Rebounding was also decisive , with Oklahoma City winning that battle , 46 - 32 . Oklahoma City ( 20 - 12 ) had to play this game without Kevin Durant and they did n't disappoint . Russell Westbrook carried the load , as he accumulated 29 points , 17 rebounds and 11 assists . Steven Adams was second on the team , totaling 15 points , eight rebounds and two blocks . Andre Roberson and Domantas Sabonis were the only other Thunder players in double figures , as they scored just 1 points a piece . Domantas Sabonis played well off the bench , providing six points and five rebounds . On deck for the Thunder is a road matchup with the Orlando Magic on Monday . Miami ( 10 - 22 ) have been one of the best teams in the NBA across the last two months , as this marks their 10th win in their last eight games . Josh Richardson led the team in scoring , as he collected 22 points , five rebounds and three assists off the bench . Tyler Johnson was second on the team , as he accrued 15 points , two rebounds and two assists . Hassan Whiteside totaled 12 points , eight rebounds and two steals . Josh Richardson led the bench in scoring , accruing 22 points , five rebounds and three assists . Miami will host the Boston Celtics for their next game on Saturday .",1701,"The Oklahoma City Thunder defeated the host Miami Heat, 106-94, at American Airlines Arena on Tuesday. In a battle between two of the best offenses in the NBA, the Thunder were able to prevail with a huge road win. In fact, Oklahoma City outscored Miami, 46-34 in the second half to pull out a win. Rebounding was the biggest factor for Oklahoma City, as they won that battle, 46-34. The Thunder shot 51 percent from the field, while holding the Heat to 44 percent from the field. Rebounding was also decisive, with Oklahoma City winning that battle, 46-32. Oklahoma City (20-12)  had to play this game without Kevin Durant and they didn't disappoint. Russell Westbrook carried the load, as he accumulated 29 points, 17 rebounds and 11 assists. Steven Adams was second on the team, totaling 15 points, eight rebounds and two blocks. Andre Roberson and Domantas Sabonis were the only other Thunder players in double figures, as they scored just 1 points a piece. Domantas Sabonis played well off the bench, providing six points and five rebounds. On deck for the Thunder is a road matchup with the Orlando Magic on Monday. Miami (10-22)  have been one of the best teams in the NBA across the last two months, as this marks their 10th win in their last eight games. Josh Richardson led the team in scoring, as he collected 22 points, five rebounds and three assists off the bench. Tyler Johnson was second on the team, as he accrued 15 points, two rebounds and two assists. Hassan Whiteside totaled 12 points, eight rebounds and two steals. Josh Richardson led the bench in scoring, accruing 22 points, five rebounds and three assists. Miami will host the Boston Celtics for their next game on Saturday.",12_27_16,https://www.basketball-reference.com/boxscores/201612270MIA.html,https://www.basketball-reference.com/teams/MIA/2017_games.html,https://www.basketball-reference.com/teams/OKC/2017_games.html,https://www.timeanddate.com/calendar/monthly.html?year=2016&month=12&country=1,https://mturk-worker-downloads-uoa-nlg.s3.eu-west-2.amazonaws.com/Finding+Mistakes+in+Basketball+S035.docx
36,S036,01_To_60,puduppully_aaai_19_rotowire_test.txt,Heat,Raptors,379,1572,"The Miami Heat defeated the Toronto Raptors , 104 - 89 , at American Airlines Arena on Saturday afternoon . The Heat ( 32 - 34 ) checked in to Wednesday 's contest with only seven wins in their previous seven games , but the Heat ( 38 - 28 ) were able to prevail with a much - needed win . The Heat ( 38 - 28 ) were able to outperform Toronto ( 38 - 28 ) to a 38 percent success rate from the field , and 13 percent from three - point range , while also holding the Raptors to a 38 percent success rate from behind the arc . The Raptors were led by DeMar DeRozan 's 17 points , which he supplemented with four rebounds , two assists and one steal . Serge Ibaka was next with nine points , four rebounds , an assist and three blocks . Jonas Valanciunas posted a 10 - point , 10 - rebound double - double that also included an assist . Fred VanVleet supplied five points , four rebounds , one assist and a steal . Tyler Johnson paced the bench with 16 points , three rebounds , three assists and a steal . Hassan Whiteside posted a 12 - point , 14 - rebound double - double that also included an assist , four blocks and a steal . Goran Dragic and Dion Waiters supplied matching 15 - point efforts , with the former also supplying a pair of assists and a steal , and the latter supplying five assists , one rebound and one steal . Wayne Ellington led the second unit with 11 points , three rebounds and one steal . The Raptors head back home to face off with the Atlanta Hawks on Friday afternoon , while the Heat travel to Atlanta for a Friday evening date with the Hawks .",1505,"The Miami Heat defeated the Toronto Raptors, 104-89, at American Airlines Arena on Saturday afternoon. The Heat (32-34)  checked in to Wednesday's contest with only seven wins in their previous seven games, but the Heat (38-28)  were able to prevail with a much-needed win. The Heat (38-28)  were able to outperform Toronto (38-28)  to a 38 percent success rate from the field, and 13 percent from three-point range, while also holding the Raptors to a 38 percent success rate from behind the arc. The Raptors were led by DeMar DeRozan's 17 points, which he supplemented with four rebounds, two assists and one steal. Serge Ibaka was next with nine points, four rebounds, an assist and three blocks. Jonas Valanciunas posted a 10-point, 10-rebound double-double that also included an assist. Fred VanVleet supplied five points, four rebounds, one assist and a steal. Tyler Johnson paced the bench with 16 points, three rebounds, three assists and a steal. Hassan Whiteside posted a 12-point, 14-rebound double-double that also included an assist, four blocks and a steal. Goran Dragic and Dion Waiters supplied matching 15-point efforts, with the former also supplying a pair of assists and a steal, and the latter supplying five assists, one rebound and one steal. Wayne Ellington led the second unit with 11 points, three rebounds and one steal. The Raptors head back home to face off with the Atlanta Hawks on Friday afternoon, while the Heat travel to Atlanta for a Friday evening date with the Hawks.",03_11_17,https://www.basketball-reference.com/boxscores/201703110MIA.html,https://www.basketball-reference.com/teams/MIA/2017_games.html,https://www.basketball-reference.com/teams/TOR/2017_games.html,https://www.timeanddate.com/calendar/monthly.html?year=2017&month=03&country=1,https://mturk-worker-downloads-uoa-nlg.s3.eu-west-2.amazonaws.com/Finding+Mistakes+in+Basketball+S036.docx
56,S056,01_To_60,rebuffel_test_gen_not_paper.txt,Warriors,Clippers,415,1331,"The Golden State Warriors defeated the Los Angeles Clippers , 144 - 98 , at Oracle Arena on Wednesday . The Warriors ( 40 - 7 ) came in to the game looking to keep pace with the red - hot Clippers ( 30 - 18 ) , who were coming off of a win against the defending champion Cleveland Cavaliers ( 30 - 18 ) in the first round of the playoffs . Kevin Durant was the high - point man for the Warriors ( 40 - 18 ) , posting a team - high 23 points on 9 - of - 11 shooting , including 3 - of - 4 from long range . Kevin Durant added 23 points , seven assists , four rebounds , one steal and one block , in 29 minutes . Klay Thompson added 16 points on 7 - of - 11 shooting , in 27 minutes . Austin Rivers chipped in 10 points on 3 - of - 11 shooting , to go along with six rebounds , six assists and one steal , in 38 minutes , while James Michael Felton chipped in 10 points , seven rebounds and five assists , in 28 minutes off the bench . The Warriors shot 62 percent from the field , including 50 percent from long range . The Clippers were led by Stephen Curry , who finished with 43 points , six assists and nine rebounds . Blake Griffin finished with 20 points , four rebounds and two assists , while Blake Griffin chipped in 20 points , four rebounds and two assists . JJ Thompson chipped in 16 points , one rebound and one steal .",1262,"The Golden State Warriors defeated the Los Angeles Clippers, 144-98, at Oracle Arena on Wednesday. The Warriors (40-7)  came in to the game looking to keep pace with the red-hot Clippers (30-18), who were coming off of a win against the defending champion Cleveland Cavaliers (30-18)  in the first round of the playoffs. Kevin Durant was the high-point man for the Warriors (40-18), posting a team-high 23 points on 9-of-11 shooting, including 3-of-4 from long range. Kevin Durant added 23 points, seven assists, four rebounds, one steal and one block, in 29 minutes. Klay Thompson added 16 points on 7-of-11 shooting, in 27 minutes. Austin Rivers chipped in 10 points on 3-of-11 shooting, to go along with six rebounds, six assists and one steal, in 38 minutes, while James Michael Felton chipped in 10 points, seven rebounds and five assists, in 28 minutes off the bench. The Warriors shot 62 percent from the field, including 50 percent from long range. The Clippers were led by Stephen Curry, who finished with 43 points, six assists and nine rebounds. Blake Griffin finished with 20 points, four rebounds and two assists, while Blake Griffin chipped in 20 points, four rebounds and two assists. JJ Thompson chipped in 16 points, one rebound and one steal.",01_28_17,https://www.basketball-reference.com/boxscores/201701280GSW.html,https://www.basketball-reference.com/teams/GSW/2017_games.html,https://www.basketball-reference.com/teams/LAC/2017_games.html,https://www.timeanddate.com/calendar/monthly.html?year=2017&month=01&country=1,https://mturk-worker-downloads-uoa-nlg.s3.eu-west-2.amazonaws.com/Finding+Mistakes+in+Basketball+S056.docx
59,S059,01_To_60,rebuffel_test_gen_not_paper.txt,Warriors,Jazz,727,1340,"The Golden State Warriors defeated the Utah Jazz , 104 - 74 , at Oracle Arena on Saturday . Golden State was expected to win this game easily , but it took a monster second half to escape with a win . In fact , the Warriors led for the entirety of the second half , as they held a double - digit lead for the final 30 - plus minutes . Defense was key for Golden State , as they held the Jazz to 36 percent from the field and 30 percent from three - point range . Rebounding was a huge factor for the Warriors , as they won that battle , 50 - 44 . Kevin Durant was the player of the game , as he tallied 22 points and five rebounds on 8 - of - 14 shooting . Draymond Green finished second on the team with 15 points , 11 rebounds and four assists . Rudy Gobert recorded a double - double , totaling 11 points and 17 rebounds . Klay Thompson led the team in scoring , as he dropped 17 points on 8 - of - 13 shooting . Draymond Green recorded a double - double , totaling 15 points , 11 rebounds , four assists and five steals . Joe Johnson was the only other starter in double figures , as he accrued 14 points and two rebounds . Gordon Hayward was the player of the game , as he accumulated 25 points , three rebounds and four assists . Rudy Gobert was the only other Jazz player in double figures , as he totaled 11 points and 17 rebounds .",1286,"The Golden State Warriors defeated the Utah Jazz, 104-74, at Oracle Arena on Saturday. Golden State was expected to win this game easily, but it took a monster second half to escape with a win. In fact, the Warriors led for the entirety of the second half, as they held a double-digit lead for the final 30-plus minutes. Defense was key for Golden State, as they held the Jazz to 36 percent from the field and 30 percent from three-point range. Rebounding was a huge factor for the Warriors, as they won that battle, 50-44. Kevin Durant was the player of the game, as he tallied 22 points and five rebounds on 8-of-14 shooting. Draymond Green finished second on the team with 15 points, 11 rebounds and four assists. Rudy Gobert recorded a double-double, totaling 11 points and 17 rebounds. Klay Thompson led the team in scoring, as he dropped 17 points on 8-of-13 shooting. Draymond Green recorded a double-double, totaling 15 points, 11 rebounds, four assists and five steals. Joe Johnson was the only other starter in double figures, as he accrued 14 points and two rebounds. Gordon Hayward was the player of the game, as he accumulated 25 points, three rebounds and four assists. Rudy Gobert was the only other Jazz player in double figures, as he totaled 11 points and 17 rebounds.",12_20_16,https://www.basketball-reference.com/boxscores/201612200GSW.html,https://www.basketball-reference.com/teams/GSW/2017_games.html,https://www.basketball-reference.com/teams/UTA/2017_games.html,https://www.timeanddate.com/calendar/monthly.html?year=2016&month=12&country=1,https://mturk-worker-downloads-uoa-nlg.s3.eu-west-2.amazonaws.com/Finding+Mistakes+in+Basketball+S059.docx
